time,seconds_elapsed,z,y,x
1685474488841331500,0.07533154296875,-44.0625,30.625,3.3125
1685474488861331500,0.09533154296875,-43.6875,30.5,3.3125
1685474488881330000,0.115329833984375,-43.75,30.25,3.0625
1685474488901330000,0.135329833984375,-43.6875,30.25,3.1875
1685474488921330000,0.155329833984375,-43.625,30.1875,3.125
1685474488941330000,0.175329833984375,-43.6875,30.1875,3.0625
1685474488961330000,0.195329833984375,-43.375,30.0625,3
1685474488981328400,0.215328369140625,-43.3125,30,2.9375
1685474489001328400,0.235328369140625,-43.25,29.9375,3
1685474489021330000,0.255329833984375,-43,29.75,3.0625
1685474489041330000,0.275329833984375,-43,29.6875,3
1685474489061330000,0.295329833984375,-42.875,29.75,3.1875
1685474489081330000,0.315329833984375,-42.6875,29.625,3.375
1685474489101328400,0.335328369140625,-42.625,29.625,3.375
1685474489121328400,0.355328369140625,-42.625,29.5,3.375
1685474489141330000,0.375329833984375,-42.875,29.4375,3.4375
1685474489161328400,0.395328369140625,-42.875,29.4375,3.4375
1685474489181330000,0.415329833984375,-42.6875,29.4375,3.375
1685474489201328400,0.435328369140625,-42.75,29.5625,3.4375
1685474489221328400,0.455328369140625,-42.6875,29.4375,3.4375
1685474489241330000,0.475329833984375,-42.625,29.375,3.25
1685474489261330000,0.495329833984375,-42.625,29.4375,2.875
1685474489281328400,0.515328369140625,-42.5,29.4375,3
1685474489301330000,0.535329833984375,-42.4375,29.375,3
1685474489321330000,0.555329833984375,-42.3125,29.4375,3
1685474489341328400,0.575328369140625,-42.375,29.4375,3.1875
1685474489361328400,0.595328369140625,-42.5,29.4375,3.125
1685474489381330000,0.615329833984375,-42.5,29.125,3.125
1685474489401330000,0.635329833984375,-42.6875,29.4375,3.375
1685474489421330000,0.655329833984375,-42.6875,29.4375,3.5
1685474489441330000,0.675329833984375,-43,29.5,3.5625
1685474489461330000,0.695329833984375,-43.1875,29.4375,3.5
1685474489481328400,0.715328369140625,-43.3125,29.625,3.5
1685474489501330000,0.735329833984375,-43.25,29.5625,3.4375
1685474489521330000,0.755329833984375,-43.4375,29.5,3.3125
1685474489541330000,0.775329833984375,-43.3125,29.625,3.3125
1685474489561328400,0.795328369140625,-43.375,29.875,3.25
1685474489581330000,0.815329833984375,-43.375,29.75,3
1685474489601330000,0.835329833984375,-43.4375,29.5625,2.9375
1685474489621330000,0.855329833984375,-43.3125,29.5,3.0625
1685474489641328400,0.875328369140625,-43.1875,29.4375,3.0625
1685474489661330000,0.895329833984375,-43.125,29.5,3.1875
1685474489681328400,0.915328369140625,-43.3125,29.3125,3.375
1685474489701330000,0.935329833984375,-43.125,29.3125,3.5
1685474489721330000,0.955329833984375,-43.25,29.3125,3.5625
1685474489741330000,0.975329833984375,-43.25,29.1875,3.625
1685474489761328400,0.995328369140625,-43.25,29.1875,3.5625
1685474489781328400,1.015328369140625,-43.1875,29.375,3.8125
1685474489801330000,1.035329833984375,-43.1875,29.4375,3.8125
1685474489821330000,1.055329833984375,-43.1875,29.6875,3.8125
1685474489841330000,1.075329833984375,-43.3125,29.5,3.75
1685474489861330000,1.095329833984375,-43.25,29.75,3.625
1685474489881330000,1.115329833984375,-43.125,29.875,3.625
1685474489901330000,1.135329833984375,-43,29.8125,3.5625
1685474489921328400,1.155328369140625,-42.8125,29.8125,3.5625
1685474489941330000,1.175329833984375,-42.9375,29.625,3.625
1685474489961330000,1.195329833984375,-43,29.625,3.5
1685474489981328400,1.215328369140625,-43.0625,29.5,3.5
1685474490001330000,1.235329833984375,-43,29.375,3.5
1685474490021330000,1.255329833984375,-42.9375,29.8125,3.8125
1685474490041330000,1.275329833984375,-43,29.75,3.875
1685474490061330000,1.295329833984375,-43.125,29.5625,3.8125
1685474490081330000,1.315329833984375,-43.1875,29.625,3.875
1685474490101330000,1.335329833984375,-43.375,29.5,3.75
1685474490121330000,1.355329833984375,-43.4375,29.625,3.9375
1685474490141330000,1.375329833984375,-43.25,29.625,3.75
1685474490161328400,1.395328369140625,-43.1875,29.6875,3.8125
1685474490181328400,1.415328369140625,-43.25,29.5625,3.8125
1685474490201330000,1.435329833984375,-43.1875,29.25,3.5
1685474490221330000,1.455329833984375,-43.125,29.3125,3.3125
1685474490241330000,1.475329833984375,-43.125,29.4375,3.25
1685474490261328400,1.495328369140625,-43.3125,29.375,3.3125
1685474490281328400,1.515328369140625,-43.125,29.375,3.375
1685474490301330000,1.535329833984375,-42.875,29.375,3.25
1685474490321330000,1.555329833984375,-43.125,29.4375,3.375
1685474490341330000,1.575329833984375,-43.125,29.3125,3.4375
1685474490361331500,1.59533154296875,-43.125,29.375,3.375
1685474490381330000,1.615329833984375,-43.0625,29.25,3.5625
1685474490401328400,1.635328369140625,-43.0625,29.1875,3.6875
1685474490421328400,1.655328369140625,-43,29.125,3.75
1685474490441330000,1.675329833984375,-42.75,29.125,3.625
1685474490461328400,1.695328369140625,-42.75,29.1875,3.6875
1685474490481328400,1.715328369140625,-42.875,29.0625,3.6875
1685474490501328400,1.735328369140625,-43,28.9375,3.875
1685474490521330000,1.755329833984375,-42.8125,29.1875,3.625
1685474490541330000,1.775329833984375,-42.9375,29.25,3.875
1685474490561330000,1.795329833984375,-43.125,29.1875,3.4375
1685474490581328400,1.815328369140625,-43.1875,29.0625,3.3125
1685474490601330000,1.835329833984375,-43.0625,29.0625,3.1875
1685474490621330000,1.855329833984375,-43.125,28.875,3.25
1685474490641330000,1.875329833984375,-43.125,28.9375,3.1875
1685474490661330000,1.895329833984375,-43.25,29.125,3.5
1685474490681328400,1.915328369140625,-43.5625,29.3125,3.75
1685474490701330000,1.935329833984375,-43.4375,29.375,3.625
1685474490721330000,1.955329833984375,-43.25,29.625,3.5
1685474490741330000,1.975329833984375,-42.875,29.875,3.125
1685474490761330000,1.995329833984375,-42.8125,29.9375,3
1685474490781330000,2.015329833984375,-42.875,29.875,3.125
1685474490801330000,2.035329833984375,-42.9375,29.8125,3.3125
1685474490821330000,2.055329833984375,-43,29.625,3.375
1685474490841328400,2.075328369140625,-43,29.375,3.5625
1685474490861330000,2.095329833984375,-42.8125,29.375,3.5
1685474490881330000,2.115329833984375,-42.625,29.5,3.5
1685474490901330000,2.135329833984375,-42.8125,29.5,3.625
1685474490921330000,2.155329833984375,-42.9375,29.5,3.5
1685474490941330000,2.175329833984375,-42.9375,29.625,3.375
1685474490961330000,2.195329833984375,-43.125,29.9375,3.5625
1685474490981328400,2.215328369140625,-43.4375,30.125,3.3125
1685474491001330000,2.235329833984375,-43.5625,30.1875,3.3125
1685474491021330000,2.255329833984375,-43.375,30.25,3.4375
1685474491041328400,2.275328369140625,-43.125,30.125,3.3125
1685474491061330000,2.295329833984375,-43,29.5625,3.1875
1685474491081330000,2.315329833984375,-42.6875,29.75,3.3125
1685474491101330000,2.335329833984375,-42.8125,29.8125,3.1875
1685474491121328400,2.355328369140625,-43,30,3.4375
1685474491141330000,2.375329833984375,-43.125,29.875,3.6875
1685474491161330000,2.395329833984375,-43,29.75,3.5625
1685474491181330000,2.415329833984375,-43.3125,29.6875,3.5625
1685474491201328400,2.435328369140625,-43,29.625,3.5
1685474491221330000,2.455329833984375,-43.0625,29.6875,3.8125
1685474491241330000,2.475329833984375,-43.25,29.75,3.9375
1685474491261330000,2.495329833984375,-43.4375,30.0625,4.0625
1685474491281330000,2.515329833984375,-43.5,30,3.9375
1685474491301330000,2.535329833984375,-43.5625,30,3.8125
1685474491321330000,2.555329833984375,-43.4375,29.75,3.5
1685474491341330000,2.575329833984375,-43.5,29.5625,3.5625
1685474491361328400,2.595328369140625,-43.6875,29.6875,3.5
1685474491381330000,2.615329833984375,-43.375,29.4375,3.4375
1685474491401330000,2.635329833984375,-43.6875,29.75,3.5
1685474491421330000,2.655329833984375,-43.75,29.8125,3.5
1685474491441330000,2.675329833984375,-43.5625,29.6875,3.375
1685474491461330000,2.695329833984375,-43.4375,29.625,3.125
1685474491481330000,2.715329833984375,-43.625,29.6875,3.0625
1685474491501330000,2.735329833984375,-43.4375,29.375,2.875
1685474491521328400,2.755328369140625,-43.1875,29.5,2.8125
1685474491541330000,2.775329833984375,-43.375,29.75,3.125
1685474491561330000,2.795329833984375,-43.5,29.5,3.25
1685474491581330000,2.815329833984375,-43.4375,29.5625,3.625
1685474491601330000,2.835329833984375,-43.8125,29.6875,3.4375
1685474491621328400,2.855328369140625,-43.8125,29.5625,3.75
1685474491641330000,2.875329833984375,-43.9375,29.625,3.875
1685474491661330000,2.895329833984375,-43.9375,29.5625,4.0625
1685474491681330000,2.915329833984375,-43.75,29.4375,4.125
1685474491701328400,2.935328369140625,-44.125,29.375,4.1875
1685474491721330000,2.955329833984375,-43.875,29.4375,3.8125
1685474491741328400,2.975328369140625,-43.875,29.375,3.6875
1685474491761330000,2.995329833984375,-43.8125,29.625,3.75
1685474491781328400,3.015328369140625,-43.5,29.875,3.625
1685474491801330000,3.035329833984375,-43.5,29.875,3.625
1685474491821330000,3.055329833984375,-43.5,30,3.8125
1685474491841330000,3.075329833984375,-43.5625,30,3.5
1685474491861330000,3.095329833984375,-43.9375,29.75,3.625
1685474491881328400,3.115328369140625,-44,29.6875,3.875
1685474491901330000,3.135329833984375,-43.9375,29.5,3.75
1685474491921330000,3.155329833984375,-43.75,29.5625,3.625
1685474491941330000,3.175329833984375,-43.625,29.5,3.5625
1685474491961328400,3.195328369140625,-43.5625,29.625,3.5
1685474491981330000,3.215329833984375,-43.625,29.8125,3.875
1685474492001328400,3.235328369140625,-43.6875,29.6875,3.875
1685474492021330000,3.255329833984375,-43.375,29.625,3.8125
1685474492041330000,3.275329833984375,-43.625,29.625,3.625
1685474492061328400,3.295328369140625,-43.4375,29.75,3.4375
1685474492081330000,3.315329833984375,-43.375,29.4375,3.5
1685474492101330000,3.335329833984375,-43.3125,29.625,3.5
1685474492121330000,3.355329833984375,-43.4375,29.625,3.625
1685474492141330000,3.375329833984375,-43.5,29.5625,3.8125
1685474492161330000,3.395329833984375,-43.3125,29.625,3.5
1685474492181328400,3.415328369140625,-43.0625,29.5625,3.4375
1685474492201330000,3.435329833984375,-43.1875,29.5,3.5625
1685474492221330000,3.455329833984375,-43.125,29.4375,3.5625
1685474492241330000,3.475329833984375,-43.1875,29.0625,3.6875
1685474492261330000,3.495329833984375,-43.5,29.1875,3.75
1685474492281330000,3.515329833984375,-43.6875,29.125,3.375
1685474492301330000,3.535329833984375,-43.5,29.1875,3.1875
1685474492321330000,3.555329833984375,-43.6875,29.125,3.125
1685474492341330000,3.575329833984375,-43.6875,29.1875,3.125
1685474492361330000,3.595329833984375,-43.4375,29.0625,3.375
1685474492381330000,3.615329833984375,-43.3125,29.4375,3.5
1685474492401330000,3.635329833984375,-43.375,29.4375,3.5
1685474492421330000,3.655329833984375,-43.1875,29.6875,3.5625
1685474492441328400,3.675328369140625,-43.4375,29.625,3.625
1685474492461330000,3.695329833984375,-43.6875,29.5625,3.3125
1685474492481330000,3.715329833984375,-43.375,29.75,3.5625
1685474492501330000,3.735329833984375,-43.4375,29.8125,3.625
1685474492521330000,3.755329833984375,-43.5,29.75,3.375
1685474492541330000,3.775329833984375,-43,29.5,3.4375
1685474492561330000,3.795329833984375,-43.375,29.5625,3.5
1685474492581330000,3.815329833984375,-43.4375,29.625,3.375
1685474492601330000,3.835329833984375,-43.5,29.4375,3.5
1685474492621330000,3.855329833984375,-43.6875,29.75,3.375
1685474492641330000,3.875329833984375,-44,29.6875,3.25
1685474492661330000,3.895329833984375,-43.8125,29.625,3.5
1685474492681330000,3.915329833984375,-43.625,29.625,3.5
1685474492701330000,3.935329833984375,-43.5625,29.8125,3.375
1685474492721330000,3.955329833984375,-43.125,30,3.3125
1685474492741330000,3.975329833984375,-42.875,30.125,3.3125
1685474492761330000,3.995329833984375,-43,30.0625,3.4375
1685474492781330000,4.015329833984375,-43.125,29.875,3.375
1685474492801330000,4.035329833984375,-43.125,29.9375,3.5625
1685474492821330000,4.055329833984375,-43.375,29.875,3.5
1685474492841330000,4.075329833984375,-43.3125,29.8125,3.625
1685474492861330000,4.095329833984375,-43.5625,29.875,3.3125
1685474492881328400,4.115328369140625,-43.5,29.4375,3.1875
1685474492901330000,4.135329833984375,-43.5625,29.4375,3.0625
1685474492921330000,4.155329833984375,-43.625,29.5,3.1875
1685474492941330000,4.175329833984375,-43.5625,29.5,3
1685474492961330000,4.195329833984375,-43.25,29.6875,3.125
1685474492981330000,4.215329833984375,-43.1875,29.8125,3.375
1685474493001328400,4.235328369140625,-43.1875,29.25,3.3125
1685474493021330000,4.255329833984375,-43.25,29.625,3.4375
1685474493041330000,4.275329833984375,-43.375,29.75,3.75
1685474493061330000,4.295329833984375,-43.5,29.875,3.8125
1685474493081330000,4.315329833984375,-43.8125,30.0625,3.875
1685474493101330000,4.335329833984375,-43.75,29.9375,3.75
1685474493121330000,4.355329833984375,-43.5625,29.8125,3.8125
1685474493141328400,4.375328369140625,-43.75,29.75,3.625
1685474493161330000,4.395329833984375,-43.375,29.875,3.5
1685474493181330000,4.415329833984375,-43.25,30.0625,3.9375
1685474493201330000,4.435329833984375,-43.25,30.125,3.8125
1685474493221330000,4.455329833984375,-43.3125,30,4.0625
1685474493241330000,4.475329833984375,-43.5625,29.875,4.125
1685474493261330000,4.495329833984375,-43.5625,29.875,3.9375
1685474493281330000,4.515329833984375,-43.75,29.5,3.8125
1685474493301330000,4.535329833984375,-43.625,29.375,3.625
1685474493321330000,4.555329833984375,-43.8125,29.5,3.5625
1685474493341330000,4.575329833984375,-43.5,29.5,3.5625
1685474493361330000,4.595329833984375,-43.5,29.25,3.25
1685474493381330000,4.615329833984375,-43.375,29.25,3.4375
1685474493401330000,4.635329833984375,-43.3125,29.125,3
1685474493421330000,4.655329833984375,-43.3125,29.1875,2.75
1685474493441330000,4.675329833984375,-43.25,29.5625,3.0625
1685474493461330000,4.695329833984375,-43.3125,29.5625,3.375
1685474493481330000,4.715329833984375,-43.5625,29.875,3.5625
1685474493501330000,4.735329833984375,-43.75,29.75,3.625
1685474493521330000,4.755329833984375,-43.8125,29.9375,3.625
1685474493541330000,4.775329833984375,-43.8125,30,3.5625
1685474493561330000,4.795329833984375,-43.75,29.875,3.375
1685474493581330000,4.815329833984375,-43.6875,29.6875,3.25
1685474493601330000,4.835329833984375,-43.75,29.8125,3.375
1685474493621330000,4.855329833984375,-43.9375,29.8125,3.1875
1685474493641330000,4.875329833984375,-43.625,29.6875,3.25
1685474493661330000,4.895329833984375,-43.375,30,3.4375
1685474493681330000,4.915329833984375,-43.4375,29.8125,3.5625
1685474493701330000,4.935329833984375,-43.625,29.625,3.5
1685474493721330000,4.955329833984375,-43.5625,29.6875,3.375
1685474493741330000,4.975329833984375,-43.6875,29.5625,3.5
1685474493761330000,4.995329833984375,-43.9375,29.6875,3.625
1685474493781330000,5.015329833984375,-43.4375,30.0625,3.875
1685474493801330000,5.035329833984375,-43.4375,29.75,3.9375
1685474493821330000,5.055329833984375,-43.375,29.875,4.0625
1685474493841330000,5.075329833984375,-43.4375,29.625,3.6875
1685474493861330000,5.095329833984375,-43.625,29.4375,3.6875
1685474493881330000,5.115329833984375,-43.5625,29.3125,3.5625
1685474493901331500,5.13533154296875,-43.75,29.4375,3.8125
1685474493921330000,5.155329833984375,-44.0625,29.375,4.0625
1685474493941330000,5.175329833984375,-43.8125,29.25,4
1685474493961330000,5.195329833984375,-43.625,29.6875,4.1875
1685474493981331500,5.21533154296875,-43.4375,29.75,4.1875
1685474494001331500,5.23533154296875,-43.25,29.5625,4
1685474494021331500,5.25533154296875,-43.4375,29.75,4
1685474494041331500,5.27533154296875,-43.4375,29.625,3.875
1685474494061331500,5.29533154296875,-43.625,29.3125,3.8125
1685474494081331500,5.31533154296875,-43.6875,29.25,3.75
1685474494101331500,5.33533154296875,-43.5,29.1875,3.75
1685474494121331500,5.35533154296875,-43.375,29.5,3.625
1685474494141330000,5.375329833984375,-43.3125,29.75,3.6875
1685474494161330000,5.395329833984375,-43.5,29.8125,3.5625
1685474494181331500,5.41533154296875,-43.4375,29.9375,3.3125
1685474494201330000,5.435329833984375,-43.5625,29.8125,3.4375
1685474494221330000,5.455329833984375,-43.5,29.9375,3.4375
1685474494241330000,5.475329833984375,-43.3125,30,3.5625
1685474494261330000,5.495329833984375,-43.3125,30,4
1685474494281330000,5.515329833984375,-43.3125,30.1875,4
1685474494301330000,5.535329833984375,-43.5625,30,4
1685474494321330000,5.555329833984375,-43.5,29.75,3.875
1685474494341330000,5.575329833984375,-43.5,29.875,3.8125
1685474494361330000,5.595329833984375,-43.5625,29.75,3.9375
1685474494381330000,5.615329833984375,-43.4375,29.375,3.5
1685474494401330000,5.635329833984375,-43.1875,29.5,3.4375
1685474494421330000,5.655329833984375,-43.125,29.5625,3
1685474494441330000,5.675329833984375,-43,29.6875,2.875
1685474494461330000,5.695329833984375,-42.875,29.6875,3.3125
1685474494481328400,5.715328369140625,-42.9375,29.5625,3.5625
1685474494501330000,5.735329833984375,-43,29.625,3.6875
1685474494521330000,5.755329833984375,-43.125,29.625,3.9375
1685474494541328400,5.775328369140625,-43.25,29.3125,3.9375
1685474494561330000,5.795329833984375,-43.25,29.5,3.6875
1685474494581330000,5.815329833984375,-43.5,29.375,3.625
1685474494601330000,5.835329833984375,-43.3125,29.4375,3.75
1685474494621330000,5.855329833984375,-43.1875,29.625,3.9375
1685474494641330000,5.875329833984375,-43.1875,30.0625,4.0625
1685474494661331500,5.89533154296875,-43.5,30.0625,4.1875
1685474494681330000,5.915329833984375,-43.5,30.0625,3.75
1685474494701330000,5.935329833984375,-43.4375,30.0625,3.6875
1685474494721331500,5.95533154296875,-43.375,29.5,3.625
1685474494741331500,5.97533154296875,-43.5,29.625,3.4375
1685474494761330000,5.995329833984375,-43.375,29.5625,3.375
1685474494781330000,6.015329833984375,-43.5625,29.5625,3.5
1685474494801330000,6.035329833984375,-43.625,29.625,3.5
1685474494821330000,6.055329833984375,-43.75,29.625,3.4375
1685474494841330000,6.075329833984375,-43.625,29.625,3.5
1685474494861330000,6.095329833984375,-43.75,29.75,3.75
1685474494881330000,6.115329833984375,-43.8125,29.75,3.75
1685474494901330000,6.135329833984375,-43.4375,29.6875,3.5625
1685474494921331500,6.15533154296875,-43.5,29.6875,3.6875
1685474494941330000,6.175329833984375,-43.6875,29.75,3.75
1685474494961330000,6.195329833984375,-43.75,29.9375,4
1685474494981330000,6.215329833984375,-43.75,29.8125,3.8125
1685474495001330000,6.235329833984375,-44,29.625,4
1685474495021330000,6.255329833984375,-43.8125,29.5,3.75
1685474495041330000,6.275329833984375,-43.75,29.0625,3.3125
1685474495061330000,6.295329833984375,-43.8125,29,3.5625
1685474495081330000,6.315329833984375,-44.0625,29.125,3.625
1685474495101330000,6.335329833984375,-44.0625,29.125,3.6875
1685474495121330000,6.355329833984375,-43.375,29.3125,3.8125
1685474495141330000,6.375329833984375,-43.25,29.6875,3.875
1685474495161330000,6.395329833984375,-43.25,29.5625,3.75
1685474495181330000,6.415329833984375,-43.125,29.875,3.875
1685474495201330000,6.435329833984375,-43.25,29.8125,3.75
1685474495221330000,6.455329833984375,-43.5,29.5625,3.5
1685474495241330000,6.475329833984375,-43.375,29.3125,3.6875
1685474495261330000,6.495329833984375,-43.0625,29.375,3.375
1685474495281330000,6.515329833984375,-43.3125,29.125,3.125
1685474495301330000,6.535329833984375,-43,29,3
1685474495321330000,6.555329833984375,-42.8125,29.125,3.25
1685474495341330000,6.575329833984375,-43,29.4375,3.3125
1685474495361330000,6.595329833984375,-43.25,29.625,3.5
1685474495381330000,6.615329833984375,-43.25,29.75,3.75
1685474495401330000,6.635329833984375,-43.125,29.75,3.75
1685474495421330000,6.655329833984375,-43.25,29.5,3.5625
1685474495441330000,6.675329833984375,-43.3125,29.625,3.6875
1685474495461330000,6.695329833984375,-42.9375,29.3125,3.5
1685474495481330000,6.715329833984375,-43.1875,29.1875,3.375
1685474495501330000,6.735329833984375,-43.1875,29.3125,3.4375
1685474495521330000,6.755329833984375,-43,29.125,3.125
1685474495541330000,6.775329833984375,-43.1875,29.1875,3.3125
1685474495561330000,6.795329833984375,-43.375,29.4375,3.625
1685474495581330000,6.815329833984375,-43.5625,29.625,3.75
1685474495601330000,6.835329833984375,-43.5625,29.5625,3.3125
1685474495621330000,6.855329833984375,-43.625,29.625,3.75
1685474495641330000,6.875329833984375,-43.625,29.4375,3.5
1685474495661330000,6.895329833984375,-43.5,29.5,3.3125
1685474495681330000,6.915329833984375,-43.5,29.4375,3.5
1685474495701330000,6.935329833984375,-43.5625,29.5,3.5
1685474495721330000,6.955329833984375,-43.6875,29.5625,3.5625
1685474495741330000,6.975329833984375,-43.9375,29.5,3.75
1685474495761330000,6.995329833984375,-43.9375,29.375,3.625
1685474495781330000,7.015329833984375,-43.6875,29.4375,3.625
1685474495801330000,7.035329833984375,-43.375,29.4375,3.4375
1685474495821330000,7.055329833984375,-43.375,29.4375,2.9375
1685474495841330000,7.075329833984375,-43.3125,29.4375,3.0625
1685474495861330000,7.095329833984375,-43.0625,29.5,3.0625
1685474495881330000,7.115329833984375,-43.125,29.25,3.125
1685474495901330000,7.135329833984375,-43.0625,29.1875,3.25
1685474495921330000,7.155329833984375,-43.25,29.25,3.5625
1685474495941328400,7.175328369140625,-43.25,29.5625,3.4375
1685474495961330000,7.195329833984375,-43.1875,29.75,3.4375
1685474495981330000,7.215329833984375,-43.125,29.8125,3.625
1685474496001330000,7.235329833984375,-43.25,29.8125,3.5
1685474496021330000,7.255329833984375,-43.125,29.75,3.25
1685474496041330000,7.275329833984375,-43.125,29.4375,3.5
1685474496061330000,7.295329833984375,-43.25,29.5,3.125
1685474496081330000,7.315329833984375,-43.1875,29.4375,2.8125
1685474496101330000,7.335329833984375,-42.8125,29.5625,2.875
1685474496121330000,7.355329833984375,-43.125,29.4375,3.0625
1685474496141330000,7.375329833984375,-43.3125,29.5,3.375
1685474496161330000,7.395329833984375,-43.125,29.1875,3.6875
1685474496181330000,7.415329833984375,-43.625,29.125,3.9375
1685474496201330000,7.435329833984375,-43.625,29.125,3.8125
1685474496221330000,7.455329833984375,-43.5625,29.1875,3.5
1685474496241330000,7.475329833984375,-43.9375,29.4375,3.375
1685474496261330000,7.495329833984375,-43.6875,29.5,3.3125
1685474496281330000,7.515329833984375,-43.5625,29.5,3.3125
1685474496301330000,7.535329833984375,-43.6875,29.5,3.5
1685474496321330000,7.555329833984375,-43.5625,29.375,3.1875
1685474496341330000,7.575329833984375,-43.6875,29.3125,2.9375
1685474496361330000,7.595329833984375,-43.875,29.25,3.0625
1685474496381330000,7.615329833984375,-43.625,29.4375,3.25
1685474496401330000,7.635329833984375,-43.5,29.5,3.4375
1685474496421330000,7.655329833984375,-43.5625,29.25,3.6875
1685474496441331500,7.67533154296875,-43.3125,29.4375,4
1685474496461331500,7.69533154296875,-43.375,29.1875,3.875
1685474496481331500,7.71533154296875,-43.5,29.125,3.625
1685474496501330000,7.735329833984375,-43.625,29.375,3.75
1685474496521330000,7.755329833984375,-43.625,29.6875,3.75
1685474496541330000,7.775329833984375,-43.625,29.6875,3.8125
1685474496561330000,7.795329833984375,-43.6875,29.9375,3.875
1685474496581330000,7.815329833984375,-43.75,29.9375,3.6875
1685474496601330000,7.835329833984375,-43.6875,29.9375,3.625
1685474496621330000,7.855329833984375,-43.8125,29.875,3.4375
1685474496641330000,7.875329833984375,-43.8125,29.8125,3.6875
1685474496661330000,7.895329833984375,-43.8125,30,3.75
1685474496681330000,7.915329833984375,-43.75,29.9375,3.875
1685474496701330000,7.935329833984375,-43.9375,29.875,3.6875
1685474496721330000,7.955329833984375,-43.875,29.875,3.6875
1685474496741330000,7.975329833984375,-43.6875,29.6875,3.5
1685474496761330000,7.995329833984375,-43.6875,29.5,3.4375
1685474496781330000,8.015329833984374,-43.4375,29.4375,3.4375
1685474496801330000,8.035329833984376,-43.5625,29.375,3.5
1685474496821330000,8.055329833984375,-43.625,29.3125,3.3125
1685474496841330000,8.075329833984375,-43.8125,29.4375,3.125
1685474496861330000,8.095329833984374,-43.8125,29.0625,3.125
1685474496881330000,8.115329833984376,-43.9375,29.125,3.0625
1685474496901330000,8.135329833984375,-43.8125,29,3.125
1685474496921330000,8.155329833984375,-43.8125,29.1875,3.5625
1685474496941330000,8.175329833984375,-43.8125,29.3125,3.5625
1685474496961330000,8.195329833984376,-43.5,29.75,3.6875
1685474496981330000,8.215329833984375,-43.5,29.875,3.6875
1685474497001330000,8.235329833984375,-43.375,29.875,3.6875
1685474497021330000,8.255329833984375,-43.5,29.5625,3.9375
1685474497041330000,8.275329833984374,-43.5625,29.4375,3.625
1685474497061330000,8.295329833984376,-43.5,29.5,3.6875
1685474497081330000,8.315329833984375,-43.5,29.625,4
1685474497101330000,8.335329833984375,-43.6875,30,3.5625
1685474497121330000,8.355329833984374,-43.4375,29.8125,3.375
1685474497141330000,8.375329833984376,-43.4375,29.5625,3.5625
1685474497161330000,8.395329833984375,-43.5,29.4375,3.5
1685474497181330000,8.415329833984375,-43.4375,29.4375,3.5625
1685474497201330000,8.435329833984374,-43.3125,29.4375,3.6875
1685474497221330000,8.455329833984376,-43.4375,29.4375,3.5
1685474497241330000,8.475329833984375,-43.3125,29.5625,3.5
1685474497261330000,8.495329833984375,-43.3125,29.5625,3.5625
1685474497281330000,8.515329833984374,-43.4375,29.5625,3.4375
1685474497301330000,8.535329833984376,-43.4375,29.5,3.3125
1685474497321330000,8.555329833984375,-43.375,29.8125,3.375
1685474497341328400,8.575328369140625,-43.375,29.875,3.125
1685474497361330000,8.595329833984374,-43.4375,29.6875,3.5
1685474497381330000,8.615329833984376,-43.375,30.0625,3.125
1685474497401330000,8.635329833984375,-43.5,29.75,3
1685474497421330000,8.655329833984375,-43.5625,29.6875,3.125
1685474497441328400,8.675328369140624,-43.5,29.875,3.0625
1685474497461330000,8.695329833984376,-43.3125,29.5,3.1875
1685474497481330000,8.715329833984375,-43.4375,29.5,3.375
1685474497501330000,8.735329833984375,-43.125,29.75,3.3125
1685474497521330000,8.755329833984375,-43.3125,29.75,3.4375
1685474497541330000,8.775329833984374,-43.25,29.9375,3.5
1685474497561330000,8.795329833984376,-43.3125,29.8125,3.5625
1685474497581330000,8.815329833984375,-43.25,29.625,3.375
1685474497601330000,8.835329833984375,-43.1875,29.6875,3.625
1685474497621330000,8.855329833984374,-43.4375,29.4375,3.375
1685474497641330000,8.875329833984376,-43.5,29.4375,3.25
1685474497661330000,8.895329833984375,-43.5625,29.5,3.125
1685474497681330000,8.915329833984375,-43.5,29.625,3.125
1685474497701330000,8.935329833984374,-43.375,29.5625,3.3125
1685474497721330000,8.955329833984376,-43.1875,29.6875,3.75
1685474497741330000,8.975329833984375,-43.25,29.5,3.75
1685474497761330000,8.995329833984375,-43.4375,29.625,3.8125
1685474497781330000,9.015329833984374,-43.6875,29.4375,3.75
1685474497801330000,9.035329833984376,-43.625,29.75,3.5
1685474497821330000,9.055329833984375,-43.25,30,3.5625
1685474497841330000,9.075329833984375,-43.375,29.8125,3.4375
1685474497861330000,9.095329833984374,-43.1875,29.75,3.25
1685474497881330000,9.115329833984376,-43.4375,29.6875,3.3125
1685474497901330000,9.135329833984375,-43.3125,29.5625,3.3125
1685474497921330000,9.155329833984375,-43.5,29.6875,3.4375
1685474497941330000,9.175329833984375,-43.5625,29.5625,3.4375
1685474497961331500,9.19533154296875,-43.375,29.5,3.625
1685474497981331500,9.21533154296875,-43.25,29.375,3.4375
1685474498001330000,9.235329833984375,-43.1875,29.375,3.75
1685474498021330000,9.255329833984375,-43.0625,29.125,3.6875
1685474498041330000,9.275329833984374,-43.3125,29.3125,3.4375
1685474498061330000,9.295329833984376,-43.625,29.3125,3.3125
1685474498081330000,9.315329833984375,-43.625,29.4375,3.25
1685474498101330000,9.335329833984375,-43.6875,29.25,3.5
1685474498121330000,9.355329833984374,-43.6875,29.375,3.5
1685474498141330000,9.375329833984376,-43.75,29.25,3.8125
1685474498161330000,9.395329833984375,-43.8125,29.3125,3.6875
1685474498181330000,9.415329833984375,-43.8125,29.3125,3.8125
1685474498201330000,9.435329833984374,-43.8125,29.125,3.875
1685474498221330000,9.455329833984376,-43.875,29.1875,3.875
1685474498241330000,9.475329833984375,-43.75,28.9375,3.6875
1685474498261330000,9.495329833984375,-43.5625,29.4375,3.875
1685474498281330000,9.515329833984374,-43.6875,29.6875,3.6875
1685474498301330000,9.535329833984376,-43.5625,29.625,3.75
1685474498341330000,9.575329833984375,-43.6875,29.625,3.75
1685474498361330000,9.595329833984374,-43.875,29.4375,3.6875
1685474498381330000,9.615329833984376,-44.125,29.4375,3.6875
1685474498401330000,9.635329833984375,-44.25,29.3125,3.5
1685474498421330000,9.655329833984375,-44.4375,29.0625,3.875
1685474498441330000,9.675329833984375,-44.4375,28.75,3.875
1685474498461330000,9.695329833984376,-44.625,28.75,4.0625
1685474498481330000,9.715329833984375,-44.875,28.625,3.875
1685474498501330000,9.735329833984375,-45.1875,28.25,3.9375
1685474498521330000,9.755329833984375,-45.25,28.1875,4
1685474498541330000,9.775329833984374,-45.375,28.0625,3.9375
1685474498561330000,9.795329833984376,-45.25,27.5,3.8125
1685474498581330000,9.815329833984375,-45.375,27.125,3.875
1685474498601330000,9.835329833984375,-45.5625,26.875,3.625
1685474498621330000,9.855329833984374,-46.0625,26.5,3.625
1685474498641330000,9.875329833984376,-46.25,25.875,3.3125
1685474498661330000,9.895329833984375,-46.4375,25.5625,3.5
1685474498681330000,9.915329833984375,-46.6875,25.0625,3.25
1685474498701330000,9.935329833984374,-47.125,24.625,3.1875
1685474498721330000,9.955329833984376,-47.5,24.1875,3.25
1685474498741330000,9.975329833984375,-48,23.75,3.4375
1685474498761330000,9.995329833984375,-48.25,23.3125,3.3125
1685474498781330000,10.015329833984374,-48.5625,22.75,3.25
1685474498801330000,10.035329833984376,-48.5625,22.5,3.0625
1685474498821330000,10.055329833984375,-48.6875,22.25,3.125
1685474498841330000,10.075329833984375,-48.75,21.9375,2.9375
1685474498861330000,10.095329833984374,-48.75,21.75,3.0625
1685474498881330000,10.115329833984376,-49,21.3125,3
1685474498901330000,10.135329833984375,-49.0625,20.875,2.8125
1685474498921330000,10.155329833984375,-49.125,20.5625,2.75
1685474498941331500,10.17533154296875,-49.5,20.3125,2.75
1685474498961330000,10.195329833984376,-49.5625,20.0625,2.75
1685474498981330000,10.215329833984375,-49.6875,19.6875,3.0625
1685474499001330000,10.235329833984375,-50,19.3125,3.25
1685474499021330000,10.255329833984375,-50.3125,18.6875,3.375
1685474499041330000,10.275329833984374,-50.5625,18.3125,3.125
1685474499061330000,10.295329833984376,-50.6875,18.0625,3.1875
1685474499081330000,10.315329833984375,-50.6875,17.6875,3.1875
1685474499101330000,10.335329833984375,-50.875,17.375,3.0625
1685474499121330000,10.355329833984374,-50.875,17,3
1685474499141330000,10.375329833984376,-51.1875,16.625,3
1685474499161330000,10.395329833984375,-51.5,16.375,2.75
1685474499181330000,10.415329833984375,-51.6875,16.0625,2.625
1685474499201330000,10.435329833984374,-51.75,15.8125,2.625
1685474499221330000,10.455329833984376,-51.75,15.5,2.875
1685474499241330000,10.475329833984375,-52.125,15.1875,2.875
1685474499261330000,10.495329833984375,-52.0625,14.8125,2.9375
1685474499281330000,10.515329833984374,-52.25,14.4375,3
1685474499301330000,10.535329833984376,-52.25,14.3125,3
1685474499321330000,10.555329833984375,-52.1875,14.1875,2.875
1685474499341330000,10.575329833984375,-52.1875,14.0625,2.8125
1685474499361330000,10.595329833984374,-52.0625,14.0625,2.9375
1685474499381330000,10.615329833984376,-52.1875,14.0625,2.75
1685474499401330000,10.635329833984375,-52.1875,14.125,2.75
1685474499421330000,10.655329833984375,-51.8125,14.0625,2.875
1685474499441330000,10.675329833984375,-51.9375,14.3125,3.0625
1685474499461330000,10.695329833984376,-51.6875,14.4375,3
1685474499481330000,10.715329833984375,-51.6875,14.375,2.9375
1685474499501330000,10.735329833984375,-51.6875,14.375,3
1685474499521330000,10.755329833984375,-51.5,14.25,2.875
1685474499541330000,10.775329833984374,-51.625,14.125,2.875
1685474499561330000,10.795329833984376,-51.625,14.3125,2.9375
1685474499581330000,10.815329833984375,-51.6875,14,2.875
1685474499601330000,10.835329833984375,-51.75,13.9375,2.8125
1685474499621330000,10.855329833984374,-51.6875,13.9375,2.6875
1685474499641330000,10.875329833984376,-51.625,14,2.8125
1685474499661330000,10.895329833984375,-51.625,14,2.9375
1685474499681331500,10.91533154296875,-51.5625,13.9375,3
1685474499701330000,10.935329833984374,-51.6875,14.1875,3.125
1685474499721330000,10.955329833984376,-51.625,14.0625,3
1685474499741330000,10.975329833984375,-51.5,14.0625,3.1875
1685474499761330000,10.995329833984375,-51.4375,14.25,3.0625
1685474499781330000,11.015329833984374,-51.25,14.375,3.0625
1685474499801330000,11.035329833984376,-51.375,14.4375,3
1685474499821330000,11.055329833984375,-51.625,14.5,3.125
1685474499841330000,11.075329833984375,-51.875,14.3125,3.25
1685474499861330000,11.095329833984374,-52.0625,14.5,3.375
1685474499881330000,11.115329833984376,-51.8125,14.25,3.375
1685474499901330000,11.135329833984375,-51.875,14.375,3.625
1685474499921330000,11.155329833984375,-51.875,14.1875,3.3125
1685474499941331500,11.17533154296875,-52,14.125,3.4375
1685474499961331500,11.19533154296875,-52.0625,14.1875,3.3125
1685474499981330000,11.215329833984375,-52.1875,14.125,3.3125
1685474500001330000,11.235329833984375,-52,14.0625,3
1685474500021330000,11.255329833984375,-51.8125,14.1875,2.8125
1685474500041330000,11.275329833984374,-51.8125,14,2.75
1685474500061330000,11.295329833984376,-52,14.0625,2.9375
1685474500081330000,11.315329833984375,-52.125,14.125,2.75
1685474500101330000,11.335329833984375,-52.125,14.1875,2.875
1685474500121330000,11.355329833984374,-52,14.0625,2.875
1685474500141330000,11.375329833984376,-52,13.875,2.8125
1685474500161330000,11.395329833984375,-52,14.0625,2.75
1685474500181330000,11.415329833984375,-52.0625,14.1875,2.875
1685474500201330000,11.435329833984374,-52.125,14.0625,3.125
1685474500221330000,11.455329833984376,-52.0625,14.1875,3.1875
1685474500241330000,11.475329833984375,-52.125,14.25,3
1685474500261330000,11.495329833984375,-51.875,14.25,3.1875
1685474500281331500,11.51533154296875,-51.875,14.25,3.1875
1685474500301331500,11.53533154296875,-51.875,14.1875,3.1875
1685474500321331500,11.55533154296875,-51.875,14.375,3.375
1685474500341330000,11.575329833984375,-51.875,14.125,3.4375
1685474500361331500,11.59533154296875,-51.9375,14.1875,3.75
1685474500381330000,11.615329833984376,-51.9375,14.4375,3.5625
1685474500401330000,11.635329833984375,-51.9375,14.4375,3.4375
1685474500421330000,11.655329833984375,-51.75,14.5,3.5
1685474500441330000,11.675329833984375,-51.75,14.5,3.5
1685474500461330000,11.695329833984376,-51.625,14.375,3.5625
1685474500481330000,11.715329833984375,-51.5,14.5625,3.625
1685474500501331500,11.73533154296875,-51.625,14.5625,3.4375
1685474500521330000,11.755329833984375,-51.5625,14.6875,3.375
1685474500541331500,11.77533154296875,-51.5625,14.5,3.1875
1685474500561330000,11.795329833984376,-51.5,14.25,2.9375
1685474500581330000,11.815329833984375,-51.5625,14.25,2.875
1685474500601330000,11.835329833984375,-51.5625,14.125,3
1685474500621330000,11.855329833984374,-51.6875,14.0625,2.875
1685474500641330000,11.875329833984376,-51.9375,14.25,2.9375
1685474500661330000,11.895329833984375,-52.125,14.25,2.9375
1685474500681330000,11.915329833984375,-51.9375,14.3125,3.0625
1685474500701330000,11.935329833984374,-51.875,14.3125,3.1875
1685474500721330000,11.955329833984376,-51.75,14.5,3.1875
1685474500741330000,11.975329833984375,-51.8125,14.5,3.3125
1685474500761330000,11.995329833984375,-51.875,14.4375,3.375
1685474500781330000,12.015329833984374,-51.9375,14.5,3.25
1685474500801330000,12.035329833984376,-51.9375,14.4375,3.0625
1685474500821330000,12.055329833984375,-51.75,14.375,3
1685474500841330000,12.075329833984375,-51.75,14.25,3.1875
1685474500861330000,12.095329833984374,-51.75,14.125,3
1685474500881330000,12.115329833984376,-51.6875,14.125,2.875
1685474500901330000,12.135329833984375,-51.8125,14.0625,2.875
1685474500921330000,12.155329833984375,-51.8125,14.25,3
1685474500941330000,12.175329833984375,-51.625,14.25,3.0625
1685474500961330000,12.195329833984376,-51.5625,14.25,3.0625
1685474500981330000,12.215329833984375,-51.5625,14.4375,3.375
1685474501001330000,12.235329833984375,-51.6875,14.25,3.125
1685474501021330000,12.255329833984375,-51.4375,14.3125,3.125
1685474501041330000,12.275329833984374,-51.3125,14.4375,3.3125
1685474501061330000,12.295329833984376,-51.375,14.4375,3.4375
1685474501081330000,12.315329833984375,-51.375,14.4375,3.5625
1685474501101331500,12.33533154296875,-51.25,14.5,3.4375
1685474501121330000,12.355329833984374,-51.375,14.5,3.4375
1685474501141330000,12.375329833984376,-51.375,14.5,3.6875
1685474501161330000,12.395329833984375,-51.1875,14.5,3.625
1685474501181330000,12.415329833984375,-51.1875,14.5,3.6875
1685474501201330000,12.435329833984374,-51.375,14.625,3.3125
1685474501221330000,12.455329833984376,-51.5625,14.5,3.3125
1685474501241330000,12.475329833984375,-51.5625,14.4375,3.1875
1685474501261330000,12.495329833984375,-51.6875,14.6875,3.3125
1685474501281330000,12.515329833984374,-51.75,14.625,3.375
1685474501301330000,12.535329833984376,-51.625,14.75,3.1875
1685474501321330000,12.555329833984375,-51.625,14.5625,2.875
1685474501341330000,12.575329833984375,-51.75,14.5625,3
1685474501361330000,12.595329833984374,-51.75,14.8125,3
1685474501381330000,12.615329833984376,-51.6875,14.75,3.3125
1685474501401330000,12.635329833984375,-51.625,15,3.4375
1685474501421330000,12.655329833984375,-51.5,15.0625,3.4375
1685474501441330000,12.675329833984375,-51.3125,15,3.1875
1685474501461330000,12.695329833984376,-51.0625,14.875,3.3125
1685474501481330000,12.715329833984375,-51.0625,14.8125,3.3125
1685474501501330000,12.735329833984375,-51.0625,15.125,3.4375
1685474501521330000,12.755329833984375,-51.125,15.1875,3.3125
1685474501541330000,12.775329833984374,-51,15.0625,3.3125
1685474501561330000,12.795329833984376,-51,15.125,3.1875
1685474501581330000,12.815329833984375,-51.0625,15.0625,2.9375
1685474501601330000,12.835329833984375,-51.1875,14.875,2.75
1685474501621330000,12.855329833984374,-51.25,14.875,2.6875
1685474501641330000,12.875329833984376,-51.5,15.0625,2.6875
1685474501661330000,12.895329833984375,-51.5,15.1875,2.75
1685474501681330000,12.915329833984375,-51.375,15.1875,2.75
1685474501701330000,12.935329833984374,-51.3125,15.25,2.8125
1685474501721330000,12.955329833984376,-51.5,15.5,2.875
1685474501741330000,12.975329833984375,-51.5625,15.625,2.875
1685474501761330000,12.995329833984375,-51.3125,15.625,3.0625
1685474501781330000,13.015329833984374,-51.25,15.8125,3.25
1685474501801330000,13.035329833984376,-51.125,15.875,3.5625
1685474501821330000,13.055329833984375,-51.0625,15.8125,3.375
1685474501841330000,13.075329833984375,-51.0625,16.0625,3.5
1685474501861330000,13.095329833984374,-51.0625,16,3.5
1685474501881330000,13.115329833984376,-50.875,16,3.375
1685474501901330000,13.135329833984375,-50.625,16.125,3.3125
1685474501921330000,13.155329833984375,-50.625,16.0625,3.4375
1685474501941330000,13.175329833984375,-50.75,16.1875,3.1875
1685474501961330000,13.195329833984376,-50.6875,16.5,3.1875
1685474501981330000,13.215329833984375,-50.625,16.875,2.9375
1685474502001330000,13.235329833984375,-50.5625,17.25,3.0625
1685474502021330000,13.255329833984375,-50.4375,17.5,2.9375
1685474502041330000,13.275329833984374,-50.4375,18.0625,3.0625
1685474502061330000,13.295329833984376,-50.4375,18.375,3.125
1685474502081330000,13.315329833984375,-50.375,18.6875,3.4375
1685474502101330000,13.335329833984375,-50.3125,19.25,3.375
1685474502121330000,13.355329833984374,-50.0625,19.6875,3.5625
1685474502141330000,13.375329833984376,-49.875,20.0625,3.625
1685474502161330000,13.395329833984375,-49.75,20.25,3.625
1685474502181330000,13.415329833984375,-49.75,20.5,3.625
1685474502201330000,13.435329833984374,-49.6875,20.75,3.875
1685474502221330000,13.455329833984376,-49.5625,21.0625,3.8125
1685474502241330000,13.475329833984375,-49.5,21.375,3.75
1685474502261330000,13.495329833984375,-49.25,21.75,3.6875
1685474502281330000,13.515329833984374,-49.125,22,3.625
1685474502301330000,13.535329833984376,-49.125,22.625,3.5625
1685474502321330000,13.555329833984375,-48.9375,23.125,3.4375
1685474502341330000,13.575329833984375,-48.9375,23.6875,3.5625
1685474502361330000,13.595329833984374,-48.4375,24.125,3.4375
1685474502381330000,13.615329833984376,-48.1875,24.5625,3.625
1685474502401330000,13.635329833984375,-48.0625,24.5625,3.5
1685474502421330000,13.655329833984375,-47.9375,24.5625,3.4375
1685474502441330000,13.675329833984375,-48,24.6875,3.1875
1685474502461330000,13.695329833984376,-47.8125,24.9375,3.25
1685474502481330000,13.715329833984375,-47.5625,24.9375,3.25
1685474502501330000,13.735329833984375,-47.3125,25.125,3.3125
1685474502521330000,13.755329833984375,-47,25.25,3.3125
1685474502541330000,13.775329833984374,-47.125,25.625,3.5
1685474502561330000,13.795329833984376,-47.0625,25.75,3.3125
1685474502581330000,13.815329833984375,-46.9375,26.1875,3.3125
1685474502601330000,13.835329833984375,-46.6875,26.625,3.3125
1685474502621330000,13.855329833984374,-46.375,26.875,3.375
1685474502641330000,13.875329833984376,-46.375,27.0625,3.3125
1685474502661330000,13.895329833984375,-46.3125,27.25,3.4375
1685474502681330000,13.915329833984375,-46.3125,27.6875,3.5
1685474502701330000,13.935329833984374,-45.9375,28,3.4375
1685474502721330000,13.955329833984376,-45.625,27.9375,3.4375
1685474502741330000,13.975329833984375,-45.4375,27.9375,3.3125
1685474502761330000,13.995329833984375,-45.25,28,3.375
1685474502781330000,14.015329833984374,-45.125,28.0625,3.3125
1685474502801330000,14.035329833984376,-45.0625,28.25,3.5
1685474502821330000,14.055329833984375,-44.6875,28.3125,3.5
1685474502841330000,14.075329833984375,-44.5625,28.4375,3.5625
1685474502861330000,14.095329833984374,-44.375,28.625,3.625
1685474502881330000,14.115329833984376,-44.4375,28.75,3.8125
1685474502901330000,14.135329833984375,-44.4375,28.6875,3.75
1685474502921330000,14.155329833984375,-44.4375,28.875,3.875
1685474502941330000,14.175329833984375,-44.25,28.9375,3.9375
1685474502961330000,14.195329833984376,-44,29,4.125
1685474502981330000,14.215329833984375,-43.9375,29.1875,4.0625
1685474503001330000,14.235329833984375,-43.875,29.3125,4.0625
1685474503021330000,14.255329833984375,-43.5625,29.375,3.875
1685474503041330000,14.275329833984374,-43.5,29.1875,3.75
1685474503061330000,14.295329833984376,-43.3125,29.25,3.75
1685474503081330000,14.315329833984375,-43.1875,29.5625,3.875
1685474503101330000,14.335329833984375,-43.125,29.625,3.875
1685474503121330000,14.355329833984374,-43.0625,29.5625,3.75
1685474503141330000,14.375329833984376,-43.125,29.625,3.75
1685474503161330000,14.395329833984375,-43.0625,29.5625,3.8125
1685474503181330000,14.415329833984375,-43.3125,29.625,3.875
1685474503201331500,14.43533154296875,-43.3125,29.8125,3.875
1685474503221330000,14.455329833984376,-43.4375,29.875,3.875
1685474503241330000,14.475329833984375,-43.625,29.875,3.625
1685474503261330000,14.495329833984375,-43.625,29.875,3.5625
1685474503281330000,14.515329833984374,-43.75,29.75,3.375
1685474503301330000,14.535329833984376,-43.875,29.5625,3.3125
1685474503321330000,14.555329833984375,-44,29.4375,3.3125
1685474503341330000,14.575329833984375,-43.9375,29.4375,3.3125
1685474503361330000,14.595329833984374,-43.625,29.3125,3.25
1685474503381330000,14.615329833984376,-43.5625,29.1875,3.25
1685474503401330000,14.635329833984375,-43.4375,29.3125,3.125
1685474503421330000,14.655329833984375,-43.3125,29.25,3.0625
1685474503441330000,14.675329833984375,-43.4375,29.1875,3.0625
1685474503461330000,14.695329833984376,-43.375,29.3125,3.1875
1685474503481330000,14.715329833984375,-43.5,29.4375,3.25
1685474503501330000,14.735329833984375,-43.4375,29.625,3.0625
1685474503521330000,14.755329833984375,-43.5625,29.6875,3.0625
1685474503541330000,14.775329833984374,-43.75,29.8125,3.125
1685474503561330000,14.795329833984376,-43.875,29.9375,3.125
1685474503581330000,14.815329833984375,-43.9375,29.875,3.3125
1685474503601330000,14.835329833984375,-44,29.875,3.375
1685474503621330000,14.855329833984374,-43.875,29.875,3.3125
1685474503641330000,14.875329833984376,-43.9375,29.875,3.3125
1685474503661330000,14.895329833984375,-43.9375,29.875,3.25
1685474503681330000,14.915329833984375,-43.9375,29.8125,3.375
1685474503701330000,14.935329833984374,-43.875,29.6875,3.375
1685474503721330000,14.955329833984376,-43.75,29.6875,3.3125
1685474503741330000,14.975329833984375,-43.75,29.625,3.25
1685474503761330000,14.995329833984375,-43.625,29.875,3.125
1685474503781330000,15.015329833984374,-43.4375,29.8125,3.1875
1685474503801330000,15.035329833984376,-43.375,29.8125,3.125
1685474503821330000,15.055329833984375,-43.1875,29.875,3.25
1685474503841330000,15.075329833984375,-43.125,29.9375,3.375
1685474503861330000,15.095329833984374,-43.125,29.75,3.125
1685474503881330000,15.115329833984376,-43.125,29.75,3.125
1685474503901330000,15.135329833984375,-43.125,29.875,3.125
1685474503921330000,15.155329833984375,-43.25,29.875,3.1875
1685474503941330000,15.175329833984375,-43.3125,29.4375,3
1685474503961331500,15.19533154296875,-43.375,29.5625,2.75
1685474503981330000,15.215329833984375,-43.5,29.5,2.4375
1685474504001330000,15.235329833984375,-43.5625,29.375,2.0625
1685474504021330000,15.255329833984375,-43.5,29.375,1.5625
1685474504041330000,15.275329833984374,-43.5,29.5,1.25
1685474504061330000,15.295329833984376,-43.5625,29.5625,0.625
1685474504081330000,15.315329833984375,-43.5,29.5,0
1685474504101330000,15.335329833984375,-43.4375,29.4375,-0.5
1685474504121330000,15.355329833984374,-43.3125,29.4375,-1
1685474504141330000,15.375329833984376,-43.4375,29.3125,-1.4375
1685474504161330000,15.395329833984375,-43.5,29.5,-1.625
1685474504181330000,15.415329833984375,-43.5,29.4375,-2.0625
1685474504201331500,15.43533154296875,-43.5,29.5625,-2.25
1685474504221330000,15.455329833984376,-43.4375,29.5625,-2.5625
1685474504241330000,15.475329833984375,-43.3125,29.4375,-2.875
1685474504261330000,15.495329833984375,-43.3125,29.375,-3
1685474504281330000,15.515329833984374,-43.25,29.4375,-3.5625
1685474504301330000,15.535329833984376,-43.375,29.5,-4.25
1685474504321330000,15.555329833984375,-43.125,29.5,-4.875
1685474504341330000,15.575329833984375,-42.875,29.4375,-5.5
1685474504361331500,15.59533154296875,-42.75,29.375,-6.0625
1685474504381331500,15.61533154296875,-42.5625,29.3125,-6.6875
1685474504401330000,15.635329833984375,-42.6875,29.375,-7.125
1685474504421330000,15.655329833984375,-42.5625,29.375,-7.4375
1685474504441330000,15.675329833984375,-42.5,29.3125,-8
1685474504461331500,15.69533154296875,-42.4375,29.1875,-8.4375
1685474504481331500,15.71533154296875,-42.1875,29.3125,-8.6875
1685474504501330000,15.735329833984375,-42.1875,29.3125,-9.125
1685474504521330000,15.755329833984375,-42.25,29.25,-9.6875
1685474504541330000,15.775329833984374,-42.3125,29.3125,-10.1875
1685474504561330000,15.795329833984376,-42.375,29.0625,-10.6875
1685474504581330000,15.815329833984375,-42.25,28.875,-11.125
1685474504601330000,15.835329833984375,-42.25,28.9375,-11.625
1685474504621330000,15.855329833984374,-42.25,29,-12.0625
1685474504641330000,15.875329833984376,-42.25,29.0625,-12.375
1685474504661330000,15.895329833984375,-42.25,29.1875,-12.6875
1685474504681330000,15.915329833984375,-42.125,29.125,-13.0625
1685474504701330000,15.935329833984374,-41.8125,29,-13.375
1685474504721331500,15.95533154296875,-41.625,28.8125,-13.6875
1685474504741331500,15.97533154296875,-41.5,29,-13.875
1685474504761331500,15.99533154296875,-41.4375,29.0625,-14.0625
1685474504781331500,16.01533154296875,-41.375,28.875,-14.375
1685474504801331500,16.03533154296875,-41.4375,29.0625,-14.5625
1685474504821330000,16.055329833984374,-41.3125,29.125,-14.8125
1685474504841330000,16.075329833984377,-41.375,28.8125,-15.125
1685474504861330000,16.095329833984376,-41.5,28.75,-15.1875
1685474504881330000,16.115329833984376,-41.5,28.9375,-15.4375
1685474504901330000,16.135329833984375,-41.5,29.1875,-15.5
1685474504921330000,16.155329833984375,-41.375,29.25,-15.75
1685474504941330000,16.175329833984375,-41.3125,29.3125,-15.875
1685474504961330000,16.195329833984374,-41.25,29.3125,-16
1685474504981331500,16.21533154296875,-41.0625,29.25,-16.0625
1685474505001330000,16.235329833984373,-41.0625,29.0625,-16.1875
1685474505021330000,16.255329833984376,-40.9375,29.1875,-16.1875
1685474505041330000,16.275329833984376,-40.6875,29.3125,-16.3125
1685474505061330000,16.295329833984376,-40.8125,29.25,-16.125
1685474505081330000,16.315329833984375,-40.875,29.0625,-16
1685474505101330000,16.335329833984375,-40.9375,29.0625,-15.875
1685474505121330000,16.355329833984374,-41,28.9375,-15.875
1685474505141330000,16.375329833984374,-40.9375,29.0625,-15.9375
1685474505161330000,16.395329833984373,-41.125,29.0625,-15.875
1685474505181330000,16.415329833984377,-41.125,29.3125,-15.875
1685474505201331500,16.43533154296875,-41.25,29.4375,-15.9375
1685474505221330000,16.455329833984376,-41.375,29.4375,-15.9375
1685474505241330000,16.475329833984375,-41.125,29.375,-16
1685474505261330000,16.495329833984375,-41,29.625,-16.125
1685474505281330000,16.515329833984374,-40.875,29.5625,-16.125
1685474505301330000,16.535329833984374,-40.75,29.375,-16.3125
1685474505321330000,16.555329833984374,-40.75,29.25,-16.25
1685474505341330000,16.575329833984377,-40.6875,29.375,-16.375
1685474505361330000,16.595329833984376,-40.5625,29.125,-16.4375
1685474505381330000,16.615329833984376,-40.3125,28.9375,-16.4375
1685474505401330000,16.635329833984375,-40.25,29,-16.3125
1685474505421330000,16.655329833984375,-40.25,29,-16.25
1685474505441330000,16.675329833984375,-40.3125,28.875,-16.3125
1685474505461330000,16.695329833984374,-40.5,28.875,-16.4375
1685474505481330000,16.715329833984374,-40.5,29,-16.5
1685474505501330000,16.735329833984373,-40.375,29.0625,-16.5625
1685474505521330000,16.755329833984376,-40.375,28.875,-16.5625
1685474505541330000,16.775329833984376,-40.4375,28.875,-16.5625
1685474505561330000,16.795329833984376,-40.6875,28.875,-16.625
1685474505581330000,16.815329833984375,-40.875,28.75,-16.75
1685474505601330000,16.835329833984375,-41,28.875,-16.6875
1685474505621330000,16.855329833984374,-41,28.8125,-16.625
1685474505641330000,16.875329833984374,-41.125,28.75,-16.625
1685474505661330000,16.895329833984373,-41.375,28.75,-16.375
1685474505681330000,16.915329833984377,-41.5,28.6875,-16.375
1685474505701330000,16.935329833984376,-41.5625,28.8125,-16.25
1685474505721330000,16.955329833984376,-41.6875,28.875,-16.0625
1685474505741330000,16.975329833984375,-41.8125,28.875,-15.8125
1685474505761330000,16.995329833984375,-41.625,28.9375,-15.8125
1685474505781330000,17.015329833984374,-41.75,28.8125,-15.75
1685474505801330000,17.035329833984374,-41.75,28.8125,-15.375
1685474505821330000,17.055329833984374,-41.5625,28.875,-15.125
1685474505841330000,17.075329833984377,-41.5,28.875,-15.0625
1685474505861330000,17.095329833984376,-41.4375,29.0625,-14.8125
1685474505881330000,17.115329833984376,-41.375,29,-14.625
1685474505901330000,17.135329833984375,-41.125,28.875,-14.6875
1685474505921330000,17.155329833984375,-41,29,-14.5625
1685474505941330000,17.175329833984375,-41,28.875,-14.3125
1685474505961330000,17.195329833984374,-40.9375,29.125,-14.0625
1685474505981330000,17.215329833984374,-41,29.125,-14.125
1685474506001330000,17.235329833984373,-41.125,29.1875,-13.875
1685474506021330000,17.255329833984376,-41.0625,28.9375,-13.6875
1685474506041330000,17.275329833984376,-41.375,28.9375,-13.625
1685474506061330000,17.295329833984376,-41.4375,28.9375,-13.5625
1685474506081330000,17.315329833984375,-41.5,29,-13.25
1685474506101330000,17.335329833984375,-41.5,28.9375,-12.9375
1685474506121330000,17.355329833984374,-41.6875,29.1875,-12.5
1685474506141330000,17.375329833984374,-41.8125,29.0625,-12.125
1685474506161330000,17.395329833984373,-41.9375,29.1875,-11.8125
1685474506181330000,17.415329833984377,-42.125,29.125,-11.5625
1685474506201331500,17.43533154296875,-42.375,29.3125,-11.3125
1685474506221330000,17.455329833984376,-42.125,29.3125,-10.875
1685474506241330000,17.475329833984375,-42.3125,29.5625,-10.625
1685474506261334800,17.495334716796876,-42.4375,29.625,-10.3125
1685474506281330000,17.515329833984374,-42.5,29.6875,-10.0625
1685474506301330000,17.535329833984374,-42.4375,29.625,-9.875
1685474506321330000,17.555329833984374,-42.4375,29.6875,-9.5625
1685474506341330000,17.575329833984377,-42.625,29.6875,-9.1875
1685474506361330000,17.595329833984376,-42.625,29.6875,-9
1685474506381389300,17.615389404296874,-42.5625,29.6875,-8.75
1685474506401330000,17.635329833984375,-42.5,29.5625,-8.6875
1685474506421330000,17.655329833984375,-42.375,29.5625,-8.3125
1685474506441330000,17.675329833984375,-42.4375,29.5625,-8.125
1685474506461330000,17.695329833984374,-42.4375,29.6875,-7.8125
1685474506481330000,17.715329833984374,-42.5,29.875,-7.5625
1685474506501330000,17.735329833984373,-42.5625,29.75,-7.5
1685474506521330000,17.755329833984376,-42.375,29.75,-7.25
1685474506541330000,17.775329833984376,-42.25,29.75,-7
1685474506561330000,17.795329833984376,-42.4375,29.9375,-6.625
1685474506581330000,17.815329833984375,-42.5,30,-6.3125
1685474506601330000,17.835329833984375,-42.8125,29.75,-6.125
1685474506621330000,17.855329833984374,-43,29.625,-5.625
1685474506641330000,17.875329833984374,-43.3125,29.625,-5.25
1685474506661330000,17.895329833984373,-43.4375,29.5625,-4.9375
1685474506681330000,17.915329833984377,-43.625,29.6875,-4.3125
1685474506701330000,17.935329833984376,-43.75,29.75,-3.75
1685474506721330000,17.955329833984376,-43.9375,29.8125,-3
1685474506741330000,17.975329833984375,-43.625,29.625,-2.6875
1685474506761330000,17.995329833984375,-43.8125,29.6875,-2.3125
1685474506781330000,18.015329833984374,-43.6875,29.875,-2.125
1685474506801330000,18.035329833984374,-43.4375,29.9375,-2
1685474506821330000,18.055329833984374,-43.25,29.875,-1.875
1685474506841330000,18.075329833984377,-43.1875,29.8125,-1.5
1685474506861330000,18.095329833984376,-43.25,29.9375,-1.375
1685474506881330000,18.115329833984376,-43.125,29.8125,-1.1875
1685474506901330000,18.135329833984375,-43,29.9375,-1.1875
1685474506921330000,18.155329833984375,-43.25,29.9375,-0.9375
1685474506941330000,18.175329833984375,-43.1875,29.8125,-0.4375
1685474506961330000,18.195329833984374,-43.3125,29.5625,-0.1875
1685474506981330000,18.215329833984374,-43.25,29.6875,0.3125
1685474507001330000,18.235329833984373,-43.25,29.75,0.75
1685474507021330000,18.255329833984376,-43,29.9375,1.0625
1685474507041330000,18.275329833984376,-42.9375,29.9375,1.4375
1685474507061330000,18.295329833984376,-43,30,1.875
1685474507081330000,18.315329833984375,-42.875,29.9375,2.4375
1685474507101330000,18.335329833984375,-42.8125,30,2.875
1685474507121330000,18.355329833984374,-42.8125,30,3
1685474507141330000,18.375329833984374,-42.6875,30,3.3125
1685474507161330000,18.395329833984373,-42.75,30.0625,3.1875
1685474507181330000,18.415329833984377,-42.6875,29.9375,3.1875
1685474507201331500,18.43533154296875,-42.875,29.8125,3.1875
1685474507221330000,18.455329833984376,-42.875,29.6875,3.3125
1685474507241330000,18.475329833984375,-42.8125,29.625,3.3125
1685474507261330000,18.495329833984375,-43,29.8125,3.5625
1685474507281330000,18.515329833984374,-43.125,29.8125,3.6875
1685474507301330000,18.535329833984374,-43.1875,29.875,3.875
1685474507321330000,18.555329833984374,-43.25,30.0625,4.0625
1685474507341330000,18.575329833984377,-43.3125,29.9375,4.25
1685474507361330000,18.595329833984376,-43.25,29.875,4.1875
1685474507381330000,18.615329833984376,-43.5,29.8125,4.25
1685474507401330000,18.635329833984375,-43.5,29.9375,4.375
1685474507421330000,18.655329833984375,-43.5,29.9375,4.5625
1685474507441330000,18.675329833984375,-43.5,29.625,4.375
1685474507461330000,18.695329833984374,-43.375,29.5625,4.375
1685474507481330000,18.715329833984374,-43.375,29.5,4.375
1685474507501330000,18.735329833984373,-43.3125,29.375,4.4375
1685474507521330000,18.755329833984376,-43.375,29.5625,4.125
1685474507541330000,18.775329833984376,-43.4375,29.5,4.25
1685474507561330000,18.795329833984376,-43.375,29.625,4.4375
1685474507581330000,18.815329833984375,-43.25,29.4375,4.1875
1685474507601330000,18.835329833984375,-43.3125,29.5625,4
1685474507621330000,18.855329833984374,-43.4375,29.9375,4.125
1685474507641330000,18.875329833984374,-43.5,30.125,4.25
1685474507661330000,18.895329833984373,-43.5,30.25,4.1875
1685474507681330000,18.915329833984377,-43.5625,30.4375,4.125
1685474507701330000,18.935329833984376,-43.5,30.1875,4.25
1685474507721330000,18.955329833984376,-43.625,30,4
1685474507741330000,18.975329833984375,-43.5625,29.9375,3.625
1685474507761330000,18.995329833984375,-43.5,29.9375,3.8125
1685474507781330000,19.015329833984374,-43.4375,29.8125,3.9375
1685474507801330000,19.035329833984374,-43.1875,29.625,3.8125
1685474507821330000,19.055329833984374,-43.1875,29.6875,3.875
1685474507841330000,19.075329833984377,-43.125,29.5,3.9375
1685474507861330000,19.095329833984376,-43.1875,29.4375,3.875
1685474507881330000,19.115329833984376,-43.25,29.4375,3.9375
1685474507901330000,19.135329833984375,-43.3125,29.875,4.0625
1685474507921330000,19.155329833984375,-43.1875,30,4.3125
1685474507941330000,19.175329833984375,-43.4375,30.0625,4.1875
1685474507961330000,19.195329833984374,-43.625,30.0625,4.1875
1685474507981330000,19.215329833984374,-43.5,30.125,4.125
1685474508001330000,19.235329833984373,-43.5,30.0625,4.125
1685474508021330000,19.255329833984376,-43.625,30.125,4
1685474508041330000,19.275329833984376,-43.625,29.8125,3.9375
1685474508071330000,19.305330078125,-43.375,29.8125,3.9375
1685474508091331600,19.32533154296875,-43.4375,29.4375,4.0625
1685474508111331600,19.34533154296875,-43.5625,29.4375,4.125
1685474508131331600,19.36533154296875,-43.375,29.1875,4.125
1685474508151331600,19.38533154296875,-43.4375,29.375,4.125
1685474508171330000,19.405330078125,-43.25,29.375,4.1875
1685474508191330000,19.425330078125,-43.125,29.5625,4.0625
1685474508211330000,19.445330078125,-43.125,29.4375,4.5
1685474508231331600,19.46533154296875,-43.0625,29.6875,4.3125
1685474508251330000,19.485330078125,-43,29.4375,4.25
1685474508271330000,19.505330078125,-43.0625,29.375,4.1875
1685474508291330000,19.525330078125,-43.0625,29.375,4
1685474508311330000,19.545330078125,-42.875,29.375,4
1685474508331330000,19.565330078125,-43.0625,29.5,4.125
1685474508351330000,19.585330078125,-43.375,29.75,3.75
1685474508371330000,19.605330078125,-43.375,29.875,4.1875
1685474508391330000,19.625330078125,-43.4375,29.9375,3.8125
1685474508411330000,19.645330078125,-43.6875,30,3.75
1685474508431330000,19.665330078125,-43.3125,30.25,3.5
1685474508451330000,19.685330078125,-42.9375,30.1875,3.4375
1685474508471330000,19.705330078125,-43,30.125,3.375
1685474508491331600,19.72533154296875,-42.875,29.875,3.6875
1685474508511331600,19.74533154296875,-42.6875,29.625,3.625
1685474508531330000,19.765330078125,-43.0625,29.25,3.8125
1685474508551330000,19.785330078125,-43.375,29.25,4
1685474508571330000,19.805330078125,-43.1875,29.4375,3.9375
1685474508591330000,19.825330078125,-43.5,29.5625,4
1685474508611330000,19.845330078125,-43.4375,29.75,4.0625
1685474508631330000,19.865330078125,-43.5,29.6875,4.125
1685474508651330000,19.885330078125,-43.5625,29.75,4.1875
1685474508671330000,19.905330078125,-43.8125,29.8125,3.9375
1685474508691330000,19.925330078125,-43.75,29.75,4.125
1685474508711330000,19.945330078125,-43.5625,29.875,3.9375
1685474508731330000,19.965330078125,-43.75,29.5625,3.875
1685474508751330000,19.985330078125,-43.6875,29.375,3.875
1685474508771330000,20.005330078125,-43.625,29.25,3.9375
1685474508791330000,20.025330078125,-43.3125,29.5625,3.9375
1685474508811330000,20.045330078125,-43.375,29.625,3.9375
1685474508831330000,20.065330078125,-43.25,29.75,4.1875
1685474508851330000,20.085330078125,-43.0625,29.875,4.125
1685474508871330000,20.105330078125,-43.0625,29.8125,4.125
1685474508891330000,20.125330078125,-43.25,29.8125,4.0625
1685474508911330000,20.145330078125,-43.0625,30.1875,4.0625
1685474508931330000,20.165330078125,-43,30.1875,3.8125
1685474508951331600,20.18533154296875,-43.375,29.75,4.1875
1685474508971331600,20.20533154296875,-43.5,29.625,4.125
1685474508991330000,20.225330078125,-43.6875,29.5,4.25
1685474509011330000,20.245330078125,-43.25,29.375,4.375
1685474509031330000,20.265330078125,-43.625,29.375,4.375
1685474509051330000,20.285330078125,-43.625,29.5625,4.4375
1685474509071330000,20.305330078125,-43.4375,29.5625,4.125
1685474509091331600,20.32533154296875,-43.4375,29.625,3.9375
1685474509111330000,20.345330078125,-43.25,29.8125,3.9375
1685474509131330000,20.365330078125,-43.375,29.75,3.875
1685474509151331600,20.38533154296875,-43.5,30.125,3.75
1685474509171331600,20.40533154296875,-43.5,30.3125,3.9375
1685474509191330000,20.425330078125,-43.625,30.3125,4.3125
1685474509211330000,20.445330078125,-43.625,30,4.1875
1685474509231330000,20.465330078125,-43.3125,29.875,4.25
1685474509251330000,20.485330078125,-43.3125,29.625,4.375
1685474509271330000,20.505330078125,-43.375,29.6875,4.125
1685474509291330000,20.525330078125,-43.4375,29.8125,3.5625
1685474509311331600,20.54533154296875,-43.8125,30,3.75
1685474509331331600,20.56533154296875,-43.875,29.875,3.5625
1685474509351330000,20.585330078125,-44.1875,29.8125,3.6875
1685474509371330000,20.605330078125,-44.1875,29.75,4.0625
1685474509391330000,20.625330078125,-43.9375,29.625,4.125
1685474509411330000,20.645330078125,-43.625,29.75,4.3125
1685474509431330000,20.665330078125,-43.5,30.0625,4.5
1685474509451330000,20.685330078125,-43.375,29.9375,4.375
1685474509471330000,20.705330078125,-43.4375,30.0625,4.125
1685474509491330000,20.725330078125,-43.5625,29.9375,4.25
1685474509511330000,20.745330078125,-43.625,29.875,4.25
1685474509531331600,20.76533154296875,-43.5625,29.6875,4.25
1685474509551330000,20.785330078125,-43.4375,29.6875,4.0625
1685474509571330000,20.805330078125,-43.3125,29.625,4
1685474509591330000,20.825330078125,-43.3125,29.5,4.125
1685474509611330000,20.845330078125,-43.1875,29.3125,4.0625
1685474509631331600,20.86533154296875,-43.375,29.5625,3.75
1685474509651330000,20.885330078125,-43.625,29.5,4.3125
1685474509671330000,20.905330078125,-43.75,29.75,4.1875
1685474509691330000,20.925330078125,-43.875,30,3.75
1685474509711330000,20.945330078125,-43.5,30.0625,3.875
1685474509731330000,20.965330078125,-43.375,30.1875,3.9375
1685474509751330000,20.985330078125,-43.0625,30.125,3.8125
1685474509771330000,21.005330078125,-43.125,29.625,3.9375
1685474509791330000,21.025330078125,-43.1875,29.625,3.9375
1685474509811330000,21.045330078125,-43.125,29.5,4
1685474509831330000,21.065330078125,-43.4375,29.25,3.75
1685474509851330000,21.085330078125,-43.75,29.375,3.8125
1685474509871330000,21.105330078125,-43.5625,29.25,3.625
1685474509891330000,21.125330078125,-43.75,29.5625,3.625
1685474509911330000,21.145330078125,-43.625,29.6875,3.75
1685474509931330000,21.165330078125,-43.3125,29.625,3.9375
1685474509951330000,21.185330078125,-43.1875,29.6875,4.1875
1685474509971330000,21.205330078125,-43.1875,29.5625,4.4375
1685474509991330000,21.225330078125,-43.0625,29.6875,4.25
1685474510011330000,21.245330078125,-43.1875,29.875,4.1875
1685474510031330000,21.265330078125,-43.125,30.125,4.1875
1685474510051330000,21.285330078125,-43.1875,30.0625,3.8125
1685474510071330000,21.305330078125,-43.1875,29.8125,3.625
1685474510091330000,21.325330078125,-43.375,29.875,3.6875
1685474510111330000,21.345330078125,-43.5625,29.625,3.25
1685474510131330000,21.365330078125,-43.625,29.3125,3.5625
1685474510151330000,21.385330078125,-43.625,29.3125,3.9375
1685474510171330000,21.405330078125,-43.5,29.3125,3.9375
1685474510191330000,21.425330078125,-43.4375,29.75,4.375
1685474510211330000,21.445330078125,-43,29.75,4.4375
1685474510231330000,21.465330078125,-43.1875,29.8125,3.9375
1685474510251330000,21.485330078125,-43,29.75,3.75
